beta,problem,run,IGD,IGDX
0.0,MMF1,1,0.0027924443081154904,0.04199104088112125
0.0,MMF1,9,0.002589547078519754,0.04212549043969836
0.0,MMF1,0,0.0026860349415118554,0.04427311491740347
0.0,MMF1,3,0.0026759595694729015,0.041774851890206695
0.0,MMF1,10,0.002725832369599783,0.040948710668931715
0.0,MMF1,6,0.0026205986098217808,0.04043037943492018
0.0,MMF1,13,0.0027617139178945376,0.040074857829127494
0.0,MMF1,5,0.0028352947572112424,0.042269552163557836
0.0,MMF1,8,0.0027419322527051874,0.04086045657490106
0.0,MMF1,4,0.0025464183086676673,0.03814764672351835
0.0,MMF1,12,0.002616119774405618,0.04126162893678914
0.0,MMF1,11,0.0025344820872353446,0.04024199426454831
0.0,MMF1,2,0.002637177373205519,0.038391501312746476
0.0,MMF1,7,0.002794071373646607,0.038854162950581694
0.0,MMF1,14,0.002760793554471466,0.03961592787204826
0.0,MMF1,16,0.0029404697691567307,0.04263374707576908
0.0,MMF1,15,0.0027850867215117765,0.04003513373274907
0.0,MMF1,18,0.0028661121408840584,0.04140226487509467
0.0,MMF1,24,0.00252516451566074,0.04077097359154184
0.0,MMF1,20,0.0031438148012687094,0.043322323075935816
0.0,MMF1,23,0.0025896243475951675,0.04049460249630492
0.0,MMF1,19,0.003237468773860842,0.03845502369913748
0.0,MMF1,22,0.002469802392840056,0.0405381864086027
0.0,MMF1,21,0.0025473146515894813,0.04276235934203828
0.0,MMF1,17,0.0027219496159876797,0.04327583189362882
0.0,MMF1,26,0.0024981718683031013,0.040028131733484594
0.0,MMF1,27,0.0027553086215893084,0.04200830141695589
0.0,MMF1,25,0.002554856040121617,0.04021263956780385
0.0,MMF2,0,0.002979369828480845,0.007315540875991923
0.0,MMF2,1,0.0036580865880471583,0.009709391420858278
0.0,MMF2,7,0.003009013214830429,0.009840366790017905
0.0,MMF1,28,0.002661787651655998,0.04242473979696305
0.0,MMF2,5,0.0032245562932699695,0.007711843691331161
0.0,MMF2,8,0.0032214081049737925,0.017858648421573278
0.0,MMF2,2,0.002973229932750543,0.008835984759738132
0.0,MMF2,4,0.003060069223366086,0.007748158730134619
0.0,MMF2,6,0.0030677219319265674,0.012692110379969373
0.0,MMF2,3,0.0037612378926220433,0.051814833854519377
0.0,MMF2,9,0.0031537263481957976,0.02258076604751436
0.0,MMF2,10,0.0032323079974780505,0.011620849478144337
0.0,MMF1,29,0.0025588655963833416,0.03956402046024801
0.0,MMF2,11,0.0033831922807325953,0.015616469962894067
0.0,MMF2,12,0.003805697797937346,0.015862464699410786
0.0,MMF2,13,0.002811097753657341,0.007095539544196953
0.0,MMF2,17,0.002977293902237208,0.011795843668153266
0.0,MMF2,16,0.002854115086601532,0.013552799194015188
0.0,MMF2,14,0.0031639556559716663,0.010166689943340877
0.0,MMF2,20,0.0030304841389852655,0.006735308150431446
0.0,MMF2,21,0.002967267224741975,0.0069071567644509585
0.0,MMF2,18,0.0035429333297182205,0.00739067383923523
0.0,MMF2,24,0.0030397709297418194,0.011973877432981894
0.0,MMF2,22,0.003308715163072954,0.010207863774819699
0.0,MMF2,19,0.003118370801337549,0.013390120671709293
0.0,MMF2,15,0.0032202434716831255,0.010860217248606304
0.0,MMF2,25,0.0027384110277318898,0.00961270799756712
0.0,MMF2,23,0.003109221785947061,0.006678905263901728
0.0,MMF2,26,0.0033585055588987904,0.009715703540430644
0.0,MMF2,28,0.00293391207354773,0.011096772074104474
0.0,MMF2,29,0.00276768717415552,0.008178543033474001
0.0,MMF2,27,0.003068011037788341,0.041251274394941015
0.0,MMF5,0,0.0025441034100007758,0.07750066814923146
0.0,MMF5,5,0.002599842522495271,0.07651780959355961
0.0,MMF5,1,0.002525944766781789,0.07519818569275631
0.0,MMF5,2,0.0027873472337526083,0.0716551693925384
0.0,MMF5,4,0.0026686736161034112,0.08710854615957471
0.0,MMF5,6,0.002651564592659205,0.08040685729676593
0.0,MMF5,3,0.002637618824822626,0.07557660443296423
0.0,MMF5,7,0.0026934630555479682,0.0752866307447289
0.0,MMF5,8,0.0029663735298375623,0.08123106006275145
0.0,MMF5,9,0.002636649352843361,0.08661146559869036
0.0,MMF5,11,0.00271757490783683,0.07963444943345425
0.0,MMF5,13,0.0027029767733548404,0.08024439924270496
0.0,MMF5,10,0.002705105841567624,0.07757163238060556
0.0,MMF5,12,0.0027378641874045754,0.07660988490815623
0.0,MMF5,15,0.002755133319964871,0.08572729919376167
0.0,MMF5,16,0.0026370042226081785,0.07618638350174711
0.0,MMF5,17,0.0025694453301618116,0.07834672590345568
0.0,MMF5,14,0.0027647196050434334,0.08485635523791948
0.0,MMF5,18,0.0026407184283381256,0.07938148443242046
0.0,MMF5,19,0.0027763031063147963,0.08639079849376066
0.0,MMF5,20,0.0028633644929247156,0.07862856542585894
0.0,MMF5,22,0.0028264836943333693,0.0853008436014041
0.0,MMF5,23,0.0026549391718372305,0.08296371362689492
0.0,MMF5,21,0.0031944301187655498,0.08964096940589332
0.0,MMF5,24,0.0024762193357837805,0.07886179148649029
0.0,MMF5,25,0.002746780590249382,0.07880442779559355
0.0,MMF5,27,0.0026640076296054376,0.07891770992218183
0.0,MMF5,26,0.0025883491702069117,0.08470237516113491
0.0,MMF5,28,0.002877344823900296,0.08468274213086548
0.25,MMF1,1,0.0027471261006381752,0.04251090801247684
0.0,MMF5,29,0.002619166450247608,0.0749356036916071
0.25,MMF1,0,0.0027878380050459246,0.04211696887143661
0.25,MMF1,2,0.002613552600180683,0.04064650060414607
0.25,MMF1,3,0.0028692220158051543,0.040422594232002625
0.25,MMF1,4,0.002535087295509891,0.04010782726662995
0.25,MMF1,7,0.002832625036618869,0.03930734694955097
0.25,MMF1,5,0.002668342914171634,0.039722143589702996
0.25,MMF1,6,0.0026346640689669876,0.04000137532522439
0.25,MMF1,8,0.002682804159604039,0.03996186329890528
0.25,MMF1,10,0.002673107620042793,0.039009011700589694
0.25,MMF1,9,0.00276610019212681,0.038322964753043066
0.25,MMF1,11,0.002706464330704656,0.040966489532239074
0.25,MMF1,12,0.002682733317879026,0.0421120667557159
0.25,MMF1,13,0.0026734015952755924,0.04076581057194094
0.25,MMF1,14,0.002692369185823176,0.040886761521391285
0.25,MMF1,17,0.0027120943496330885,0.04125597573936936
0.25,MMF1,15,0.002654026944806706,0.03941069162749677
0.25,MMF1,16,0.002806455397670603,0.03877904289774706
0.25,MMF1,19,0.00279167459993553,0.038670057546402535
0.25,MMF1,20,0.0031723771828297497,0.040954951923204634
0.25,MMF1,18,0.002541727071491322,0.03710473466681688
0.25,MMF1,21,0.002773459642411518,0.040089412763002354
0.25,MMF1,22,0.003406758220708195,0.03888784764547853
0.25,MMF1,23,0.002955817334695568,0.03982937011682921
0.25,MMF1,24,0.0028159654646534955,0.04001628124170561
0.25,MMF1,25,0.0027268262755102855,0.04022941528421835
0.25,MMF1,26,0.0027018081370298454,0.04003321707184529
0.25,MMF2,1,0.0030852242179465507,0.01139675246613159
0.25,MMF1,27,0.0026500964882536144,0.043218379752550905
0.25,MMF2,2,0.0030933735282203177,0.013429387837165456
0.25,MMF2,0,0.00297102382353384,0.007217119483466849
0.25,MMF2,3,0.0032918760420153673,0.00934039345967247
0.25,MMF1,28,0.00247895489146046,0.037285328925847794
0.25,MMF1,29,0.0031487791142476933,0.04086005089230958
0.25,MMF2,4,0.0030533364681176664,0.010044296825099152
0.25,MMF2,5,0.0029176013487660153,0.013194515516159775
0.25,MMF2,6,0.0031255055101399396,0.0086260140890724
0.25,MMF2,8,0.003258449365589503,0.018044595832541945
0.25,MMF2,7,0.003014212273899829,0.007971814577987749
0.25,MMF2,10,0.002934184508683432,0.006482947127688699
0.25,MMF2,9,0.00296301966417551,0.0067574448306687495
0.25,MMF2,12,0.0029775649967366496,0.00856440058189174
0.25,MMF2,11,0.003025735031023021,0.009396410237737617
0.25,MMF2,13,0.0031622438809183772,0.00781209611013581
0.25,MMF2,16,0.002976392795661525,0.007934826083074935
0.25,MMF2,17,0.0030693542162743156,0.006821802514227558
0.25,MMF2,14,0.002942186664764062,0.014228090997184258
0.25,MMF2,15,0.00286597510996075,0.009348870789171099
0.25,MMF2,18,0.002976281451914686,0.006475533676869883
0.25,MMF2,19,0.003516683942233802,0.008493994368152357
0.25,MMF2,22,0.002937592626478911,0.02949043965619352
0.25,MMF2,20,0.0033583244329187,0.023402174081221472
0.25,MMF2,21,0.0031651910474476273,0.007798975322446942
0.25,MMF2,23,0.0027964893032394597,0.01136191369202202
0.25,MMF2,24,0.0030964879592629275,0.007860977323388236
0.25,MMF2,25,0.00310157455553663,0.008711014010872379
0.25,MMF2,26,0.00279616053098473,0.01979530748050783
0.25,MMF2,29,0.0030472117668730587,0.011987236816945461
0.25,MMF2,27,0.003289018411524136,0.015841307633087595
0.25,MMF2,28,0.0032518324502213655,0.007019788755356007
0.25,MMF5,1,0.002808217878424997,0.07805781426430784
0.25,MMF5,0,0.002712796665826029,0.0722593251718912
0.25,MMF5,2,0.0032322600670147473,0.07577842713282552
0.25,MMF5,3,0.002805739695599308,0.07678975871300153
0.25,MMF5,5,0.0026751290374445605,0.08142876668220553
0.25,MMF5,4,0.0030588065655995436,0.07192099083602467
0.25,MMF5,6,0.0025902999017438154,0.07591375003894654
0.25,MMF5,7,0.002640042696482793,0.07135097158013044
0.25,MMF5,9,0.002717133611016277,0.07681328706151916
0.25,MMF5,8,0.002824524268558282,0.0757812179212379
0.25,MMF5,10,0.0029945827119895875,0.0806419487298007
0.25,MMF5,11,0.0026879947139647033,0.07370047837098817
0.25,MMF5,12,0.0027739069479987177,0.07493358807557453
0.25,MMF5,13,0.0026902896851276393,0.08210219585398942
0.25,MMF5,16,0.002638876749682118,0.07593037634941785
0.25,MMF5,14,0.0025641814271959557,0.07298788165486797
0.25,MMF5,17,0.002646043444055405,0.07364934137174879
0.25,MMF5,15,0.0027593786285926595,0.07038982335018179
0.25,MMF5,18,0.002843467830756984,0.07874052332424772
0.25,MMF5,20,0.002559256170990917,0.07172847522512131
0.25,MMF5,19,0.0030402722590630715,0.08004185336419357
0.25,MMF5,24,0.0026603511684456333,0.07148154487140986
0.25,MMF5,21,0.0026452331585236576,0.07919187585659435
0.25,MMF5,22,0.0027545866397231467,0.07513801572668785
0.25,MMF5,23,0.0026050284919336697,0.07185604473079146
0.25,MMF5,25,0.0026936407661305286,0.07276935278878349
0.25,MMF5,26,0.0026784335747019835,0.07495671428666419
0.25,MMF5,27,0.002849804688567291,0.07132360238528053
0.25,MMF5,29,0.0031030473168132777,0.08049422128700462
0.25,MMF5,28,0.0025978791692726497,0.07326071502109645
0.5,MMF1,1,0.0028863529484729794,0.03874195700025028
0.5,MMF1,0,0.002639828041502214,0.04022484209109986
0.5,MMF1,3,0.0026989555855277633,0.040180991965597136
0.5,MMF1,2,0.002781058527138592,0.036108389127892104
0.5,MMF1,4,0.003005099985772686,0.04702806426117672
0.5,MMF1,7,0.0027427086686662525,0.03959960793226483
0.5,MMF1,6,0.002748923818585853,0.03839276330884839
0.5,MMF1,9,0.0029281499917617974,0.04355319661443841
0.5,MMF1,5,0.002792404232298876,0.04161595407612401
0.5,MMF1,8,0.00277828147570698,0.040013012356442404
0.5,MMF1,10,0.00278455890813506,0.04212427921295908
0.5,MMF1,11,0.0027864857738826715,0.03990262298575818
0.5,MMF1,12,0.0027452258697314084,0.039048539119307335
0.5,MMF1,14,0.0027756150128786902,0.03789904804645792
0.5,MMF1,13,0.0032160051949234898,0.04072283792244082
0.5,MMF1,15,0.0031740215830420235,0.04017142119533879
0.5,MMF1,16,0.0026164469698657733,0.03909915607674591
0.5,MMF1,17,0.00272534675756029,0.038257806591248465
0.5,MMF1,18,0.002831231786003072,0.04022614378713643
0.5,MMF1,19,0.003047481007623388,0.040238350656989864
0.5,MMF1,20,0.0028798153837057416,0.04073234366341457
0.5,MMF1,22,0.0027199190206987334,0.03929405106339126
0.5,MMF1,21,0.0028562392701506306,0.04023907874839087
0.5,MMF1,23,0.0027841810393593167,0.04099880349820571
0.5,MMF1,24,0.00269986616579379,0.040217881760641915
0.5,MMF1,25,0.0027918133064446754,0.03916395752454778
0.5,MMF1,27,0.0028073952688277464,0.0382355023296462
0.5,MMF1,26,0.0029017986290028105,0.03931361781313492
0.5,MMF1,28,0.003048627635362369,0.04003114905921577
0.5,MMF1,29,0.0027819310709393864,0.038631564506857397
0.5,MMF2,0,0.0027056926730112496,0.016270642910887558
0.5,MMF2,1,0.0029877809502309757,0.008492769339362468
0.5,MMF2,2,0.0032934584424262193,0.020386284034236507
0.5,MMF2,3,0.0031693956355572624,0.006626523560109173
0.5,MMF2,6,0.0030591099268872197,0.007312217933749264
0.5,MMF2,4,0.002917630167745937,0.022597459450093723
0.5,MMF2,5,0.003023913214103627,0.007024710593670203
0.5,MMF2,8,0.0033609007851172394,0.007985147358120864
0.5,MMF2,7,0.0032284026463208068,0.00809752133477408
0.5,MMF2,9,0.0032527360689145945,0.008860980813609382
0.5,MMF2,10,0.0031008293563519976,0.008245137751769462
0.5,MMF2,12,0.003195321275402695,0.013486972440408284
0.5,MMF2,11,0.0032013041383403104,0.007562310817821741
0.5,MMF2,13,0.0031957943818654425,0.008623279829997872
0.5,MMF2,14,0.0031077444347280213,0.006799924917206347
0.5,MMF2,16,0.002988650344107989,0.007057910308447569
0.5,MMF2,17,0.0032102342870526284,0.007396966928692893
0.5,MMF2,15,0.002948403266849664,0.007488625054941881
0.5,MMF2,22,0.002917754968943006,0.008101861621455958
0.5,MMF2,20,0.003028833818437862,0.025686233276992442
0.5,MMF2,18,0.002874261510864306,0.009471692590766967
0.5,MMF2,19,0.0028436983725675254,0.014939527054614918
0.5,MMF2,21,0.0029474129232219416,0.010434923644337851
0.5,MMF2,26,0.002930755808450071,0.0076663430961698
0.5,MMF2,24,0.002852290046561364,0.013639058024102356
0.5,MMF2,23,0.0032188312128168333,0.021279001769888686
0.5,MMF2,25,0.0030370922059488876,0.007564844910609844
0.5,MMF2,27,0.0029992629297450855,0.006535558654048411
0.5,MMF2,28,0.00313009391734567,0.012581153333230101
0.5,MMF2,29,0.0030428392847648153,0.00684188423304337
0.5,MMF5,0,0.002601318738139046,0.07318259231914818
0.5,MMF5,1,0.002512223100514813,0.07421532340633616
0.5,MMF5,2,0.0028695060347700887,0.0819543102143675
0.5,MMF5,8,0.0027434345668245286,0.0798895164234732
0.5,MMF5,3,0.0027309220053135207,0.07020297874401593
0.5,MMF5,4,0.002728657010263458,0.07592994848091525
0.5,MMF5,6,0.003044898103056222,0.07015395162160189
0.5,MMF5,5,0.0026469661047060352,0.07128711398779441
0.5,MMF5,7,0.0028776860487651356,0.08383484628511988
0.5,MMF5,9,0.002672245800470768,0.07514803662805947
0.5,MMF5,10,0.002686258688495955,0.07550916498718187
0.5,MMF5,11,0.002780226665717725,0.07556070980362016
0.5,MMF5,12,0.002793944862213988,0.07365042442847027
0.5,MMF5,13,0.0027451861368592767,0.07184820022238408
0.5,MMF5,14,0.0025019959099926814,0.07726438570385206
0.5,MMF5,19,0.002666533677031029,0.08812817386939571
0.5,MMF5,17,0.002698200208640434,0.07634327028331205
0.5,MMF5,16,0.0029597444507889342,0.07512442334763568
0.5,MMF5,20,0.00271972299432938,0.07023483225315989
0.5,MMF5,18,0.0026771918983489727,0.06689807161525185
0.5,MMF5,15,0.0025656954042167536,0.07075110996725277
0.5,MMF5,21,0.002667300888016059,0.07252048480832697
0.5,MMF5,22,0.0031193657731352427,0.07269851576113663
0.5,MMF5,23,0.0027057146480745716,0.06874488201706822
0.5,MMF5,24,0.002766418570243212,0.08091873290808889
0.5,MMF5,25,0.0027453945326292415,0.07444032367436089
0.5,MMF5,26,0.0028886151907664085,0.0740526390935905
0.5,MMF5,27,0.0028758618872106816,0.07664752705356506
1.0,MMF1,3,0.0031526353096760743,0.03998533261874054
1.0,MMF1,2,0.0032754173617811667,0.038759686480793656
0.5,MMF5,29,0.0028944302928334124,0.08454868162278487
0.5,MMF5,28,0.0028388074428290066,0.07242843189226215
1.0,MMF1,1,0.002668283083947758,0.03926078043820694
1.0,MMF1,5,0.0027896073764100233,0.037206397390374714
1.0,MMF1,0,0.002887926673121219,0.037917937822731826
1.0,MMF1,4,0.003275517855359622,0.03859290559812565
1.0,MMF1,6,0.002840046442616659,0.03729847051894209
1.0,MMF1,7,0.00297893058770266,0.041678349801492647
1.0,MMF1,8,0.003058664888544631,0.03734998921697148
1.0,MMF1,9,0.002980513618171376,0.04079052166856575
1.0,MMF1,10,0.002802223681480549,0.03859648886737412
1.0,MMF1,11,0.0028399580759762024,0.041269116365719324
1.0,MMF1,16,0.0029885432756700443,0.0364497903010847
1.0,MMF1,19,0.003023217206529602,0.040633484671492553
1.0,MMF1,12,0.0029107496802647744,0.03947770029372978
1.0,MMF1,13,0.0029028025969054195,0.03790946519917218
1.0,MMF1,14,0.003053249429164839,0.038782125849309165
1.0,MMF1,20,0.002696036468879358,0.039097171005568504
1.0,MMF1,17,0.0030661856873802807,0.0408680426619531
1.0,MMF1,15,0.0032532784988384264,0.042346006435473316
1.0,MMF1,21,0.002662957614541182,0.04050299385537007
1.0,MMF1,18,0.002726926364182061,0.03832107909936504
1.0,MMF1,22,0.0026396288158089137,0.03789055947167792
1.0,MMF1,23,0.0028407018028221973,0.039671135696460906
1.0,MMF1,24,0.003319521078099969,0.03904447997214438
1.0,MMF1,26,0.0030907960735983434,0.03884337215088942
1.0,MMF2,5,0.0030092163709213218,0.02052459942813793
1.0,MMF1,27,0.003059180131178034,0.04010028391349641
1.0,MMF2,2,0.002956503938855963,0.006673848503666019
1.0,MMF2,1,0.0033120637638481515,0.008503230440582089
1.0,MMF1,25,0.0026887129096978815,0.03918917141439814
1.0,MMF1,28,0.0029945015024524795,0.03767364168229416
1.0,MMF2,0,0.0032259623516996978,0.006505925796594679
1.0,MMF1,29,0.002600921114744584,0.037921181105110946
1.0,MMF2,3,0.002846773339832013,0.04138837864027025
1.0,MMF2,4,0.0029235047704753592,0.0162295598125519
1.0,MMF2,7,0.0030412415651251898,0.006834508108558444
1.0,MMF2,6,0.003055728691324472,0.007824925258858684
1.0,MMF2,11,0.00308860419234943,0.008027720722399479
1.0,MMF2,8,0.0030832881140546264,0.012790161186798113
1.0,MMF2,10,0.0030077549430029306,0.009146566448680343
1.0,MMF2,17,0.002754032219103012,0.006366966250664245
1.0,MMF2,12,0.003075631543412219,0.007252806786114867
1.0,MMF2,9,0.002986556850611331,0.013418374344900265
1.0,MMF2,14,0.0029733836395458547,0.007137770757148599
1.0,MMF2,15,0.0028155871734851794,0.009037365243595186
1.0,MMF2,13,0.0030434322223940853,0.006445739412840137
1.0,MMF2,16,0.0029791493341021235,0.006982389612154957
1.0,MMF2,18,0.0030439841444655762,0.010095416319148943
1.0,MMF2,19,0.0029433931119639957,0.00997523436602276
1.0,MMF2,20,0.003175736040282802,0.007372665581045182
1.0,MMF2,21,0.002871538292539369,0.017208628461210893
1.0,MMF2,22,0.0030482278878674646,0.011996324630455546
1.0,MMF2,26,0.0029009334536905184,0.007431868520431065
1.0,MMF2,24,0.0029442551614765424,0.006722322354438857
1.0,MMF2,23,0.0031796739667156225,0.006793376366054778
1.0,MMF2,25,0.002872574011907338,0.006747929099464933
1.0,MMF2,29,0.0028921825709929713,0.00797528884442864
1.0,MMF2,28,0.002999507671669817,0.011731878836846515
1.0,MMF5,0,0.0027748167355610845,0.06663060242598111
1.0,MMF2,27,0.0031964217254066025,0.054420372082590436
1.0,MMF5,4,0.0027500990238984386,0.07135115370665349
1.0,MMF5,3,0.00294122326255684,0.07473469962843557
1.0,MMF5,2,0.002615010869994827,0.06915107106807576
1.0,MMF5,1,0.0027609629813286026,0.07077926031095423
1.0,MMF5,5,0.002928274170579515,0.0726400543359867
1.0,MMF5,6,0.0030644850377005302,0.07668438358449073
1.0,MMF5,7,0.0029425319581940132,0.07407734433069518
1.0,MMF5,8,0.00286721209009794,0.07223792236448014
1.0,MMF5,10,0.003125239108201456,0.07415419089294667
1.0,MMF5,9,0.0027630946730318575,0.07137376568880041
1.0,MMF5,13,0.0030830676398805375,0.07303486528271035
1.0,MMF5,11,0.0027118804104691225,0.07452419766377054
1.0,MMF5,14,0.0028152888026467798,0.07547324354162671
1.0,MMF5,12,0.0028912000418352575,0.06958603407298077
1.0,MMF5,15,0.0028926660844055016,0.06940062362509167
1.0,MMF5,16,0.0027336299244189737,0.07638878978438575
1.0,MMF5,17,0.0029796381314856576,0.07369055072772292
1.0,MMF5,18,0.002776380838132499,0.0759036380083457
1.0,MMF5,19,0.002859791493624302,0.07587379191977993
1.0,MMF5,20,0.0029541268791526865,0.06884748484705179
1.0,MMF5,21,0.003238061987758801,0.0757722853683233
1.0,MMF5,22,0.002552301085874044,0.06906740135113412
1.0,MMF5,23,0.003318023748817048,0.08163885960192314
1.0,MMF5,24,0.0025924106316208683,0.06910952031709222
1.0,MMF5,25,0.003264529245368606,0.07057772305350964
1.0,MMF5,28,0.0028385040549726865,0.07108633153548041
1.0,MMF5,27,0.00328883498279568,0.07310369581885744
1.0,MMF5,26,0.0031954262134631342,0.07799849870832014
1.0,MMF5,29,0.002626032443575897,0.07605158195971881
2.0,MMF1,2,0.002992805295206024,0.03904074408464603
2.0,MMF1,0,0.003287355324966418,0.04172166860033723
2.0,MMF1,1,0.003266650582073236,0.041190702377145075
2.0,MMF1,3,0.003196067864788331,0.038998911243881655
2.0,MMF1,4,0.003707273822868171,0.03989148234286869
2.0,MMF1,5,0.002862914039291135,0.03885091258795704
2.0,MMF1,6,0.0027470533142854477,0.037160412948709476
2.0,MMF1,7,0.002943720172307116,0.03731179628150896
2.0,MMF1,8,0.0030011173858589756,0.03939934891219649
2.0,MMF1,10,0.003512488600794205,0.03781176942983426
2.0,MMF1,9,0.0031949057480651455,0.04088816631683991
2.0,MMF1,12,0.003046152122637858,0.040374985973521606
2.0,MMF1,11,0.003204339502694995,0.03911739318644958
2.0,MMF1,13,0.003351168755833887,0.03906213509479844
2.0,MMF1,14,0.0032452728000667364,0.03835501604707331
2.0,MMF1,15,0.003542898072098064,0.04065322676659038
2.0,MMF1,16,0.0033998228774358343,0.038976797433455
2.0,MMF1,17,0.0033892685216223625,0.04093951178794642
2.0,MMF1,18,0.0036116263133104684,0.045456805477850123
2.0,MMF1,19,0.003600861484071786,0.041557551574361036
2.0,MMF1,20,0.00303977106586501,0.03607182760615193
2.0,MMF1,21,0.00326136952688082,0.03977316562504758
2.0,MMF1,22,0.0030940020075172904,0.038715249516026715
2.0,MMF1,23,0.0032721240006464395,0.0368810856852101
2.0,MMF1,24,0.003557186418326528,0.04024643126758727
2.0,MMF1,25,0.0030247635347474323,0.03825518513576429
2.0,MMF1,26,0.0030142025401218085,0.03737602056485776
2.0,MMF1,27,0.002827981206736019,0.03677801320480076
2.0,MMF2,0,0.003047597247196828,0.008493396460884992
2.0,MMF1,28,0.0029649782320338228,0.039303766607965904
2.0,MMF1,29,0.003016338218234932,0.04096595547482486
2.0,MMF2,1,0.0031215464427694277,0.007226112717229615
2.0,MMF2,2,0.0030259640648220136,0.007723280436668146
2.0,MMF2,3,0.0030045589822321073,0.007508371761189011
2.0,MMF2,4,0.0029267547293559317,0.009953854231122751
2.0,MMF2,5,0.003145692668218379,0.00866326732215446
2.0,MMF2,7,0.0029209982685722935,0.00981743397212791
2.0,MMF2,6,0.0030383892374233764,0.0067017880933533495
2.0,MMF2,8,0.0028968606766852163,0.007138417392311202
2.0,MMF2,11,0.0030473082485564912,0.009146455551500312
2.0,MMF2,10,0.002889267859423556,0.006862840121480337
2.0,MMF2,9,0.0029192298880380708,0.010166361594562969
2.0,MMF2,12,0.0030764141717140522,0.007575226643270781
2.0,MMF2,14,0.003203986798333899,0.006836314035112111
2.0,MMF2,13,0.003025424197920741,0.007161714879675994
2.0,MMF2,15,0.003236656341560333,0.008436999166424016
2.0,MMF2,17,0.0029935507452544022,0.03935857440624211
2.0,MMF2,16,0.0028439018227462373,0.006836821856702472
2.0,MMF2,18,0.002864049235479225,0.008672999231094984
2.0,MMF2,19,0.002831367227785846,0.017730374849373117
2.0,MMF2,20,0.0030068701606394124,0.012613018165929978
2.0,MMF2,21,0.003172527764715736,0.007183776874129523
2.0,MMF2,22,0.002804422823264065,0.007334121961484558
2.0,MMF2,23,0.002969526975843608,0.0067740556451681665
2.0,MMF2,24,0.0028892087834734223,0.010540620039863292
2.0,MMF2,25,0.0030956608794501157,0.0072646856936710875
2.0,MMF2,26,0.0029675705351753655,0.008831713756766679
2.0,MMF2,27,0.0031425028662248034,0.018202990821208794
2.0,MMF2,28,0.003144459591721415,0.00833806916505308
2.0,MMF2,29,0.0031053724795614035,0.0129903133620606
2.0,MMF5,1,0.002997142185385859,0.07664124866593928
2.0,MMF5,0,0.0033792327989602025,0.07741788984305238
2.0,MMF5,4,0.00399740837641023,0.07331705871150274
2.0,MMF5,2,0.0030867232593286913,0.07024596763294667
2.0,MMF5,3,0.002930316876174404,0.08109304017202427
2.0,MMF5,5,0.003120072645717711,0.07344094468237027
2.0,MMF5,6,0.0029888715736064797,0.0777270241261144
2.0,MMF5,7,0.0030517815852077936,0.07180642205024433
2.0,MMF5,8,0.0029739303587969033,0.0782479223454338
2.0,MMF5,9,0.0036923866390741722,0.0746194303481615
2.0,MMF5,11,0.002855029759013699,0.0807482288862195
2.0,MMF5,10,0.0032535743978134584,0.07405226561950688
2.0,MMF5,12,0.003017515899362673,0.07036933722599233
2.0,MMF5,13,0.003371734343070659,0.07747435290928067
2.0,MMF5,14,0.0030187937222687397,0.07478952147131787
2.0,MMF5,16,0.0027438730606465967,0.07209461804744574
2.0,MMF5,15,0.003141162378438965,0.08040219034136854
2.0,MMF5,17,0.0029093860731124626,0.07220889786887684
2.0,MMF5,18,0.0028515506675580848,0.07049405110187827
2.0,MMF5,19,0.002962972368919798,0.06769919054351581
2.0,MMF5,20,0.002968938162059365,0.06781002798886873
2.0,MMF5,21,0.0029626994895432823,0.06838790822257433
2.0,MMF5,22,0.0030889636563525835,0.07134741521313137
2.0,MMF5,23,0.0029809437427767136,0.0740318045425394
2.0,MMF5,24,0.0028028222024447133,0.0745688356063475
2.0,MMF5,26,0.0031577508367955955,0.07436804051426918
2.0,MMF5,25,0.00340104123901841,0.08030778329140816
2.0,MMF5,27,0.003133441683262642,0.07358458026338785
2.0,MMF5,28,0.003172079961774573,0.06966420332391018
2.0,MMF5,29,0.0032360515968457193,0.06906370756321088
